기간,대분류,분류,대중교통 이용만족도,버스,지하철,택시
2011,서울시,서울시,6.23,6.28,6.79,5.61
2011,성별,남자,6.22,6.26,6.76,5.65
2011,성별,여자,6.23,6.31,6.82,5.58
2011,연령별,10대,6.11,6.26,6.73,5.35
2011,연령별,20대,6.18,6.23,6.77,5.52
2011,연령별,30대,6.16,6.15,6.75,5.59
2011,연령별,40대,6.22,6.26,6.8,5.61
2011,연령별,50대,6.28,6.37,6.8,5.67
2011,연령별,60대 이상,6.36,6.44,6.85,5.78
2011,학력별,중졸 이하,6.29,6.37,6.78,5.72
2011,학력별,고졸 이하,6.23,6.3,6.78,5.59
2011,학력별,대졸 이하,6.22,6.25,6.81,5.61
2011,학력별,대학원 이상,6.02,6.07,6.55,5.44
2011,소득별,100 만원 미만,6.33,6.5,6.78,5.71
2011,소득별,100-200만 미만,6.2,6.31,6.75,5.54
2011,소득별,200-300만 미만,6.18,6.24,6.75,5.56
2011,소득별,300-400만 미만,6.17,6.15,6.77,5.59
2011,소득별,400-500만 미만,6.27,6.28,6.83,5.68
2011,소득별,500만 이상,6.29,6.4,6.82,5.64
2011,혼인상태별,기혼,6.26,6.3,6.81,5.67
2011,혼인상태별,미혼,6.15,6.26,6.76,5.44
2011,혼인상태별,이혼/별거,6.28,6.35,6.75,5.73
2011,혼인상태별,사별,6.23,6.26,6.74,5.7
2011,지역대분류,도심권,6.12,6.4,6.66,5.31
2011,지역대분류,동북권,6.15,6.13,6.76,5.57
2011,지역대분류,서북권,6.08,6.27,6.76,5.21
2011,지역대분류,서남권,6.24,6.24,6.75,5.72
2011,지역대분류,동남권,6.44,6.57,6.94,5.83
2011,종로구,종로구,5.96,6.3,6.58,5.01
2011,중구,중구,6.04,6.33,6.49,5.3
2011,용산구,용산구,6.27,6.5,6.8,5.52
2011,성동구,성동구,6.13,6.26,7.08,5.06
2011,광진구,광진구,6.09,6.12,6.81,5.34
2011,동대문구,동대문구,6.3,6.3,6.84,5.77
2011,중랑구,중랑구,6.12,6,6.47,5.91
2011,성북구,성북구,6.35,6.54,7.02,5.47
2011,강북구,강북구,6.16,6.18,6.65,5.63
2011,도봉구,도봉구,5.66,5.28,6.19,5.51
2011,노원구,노원구,6.29,6.24,6.93,5.7
2011,은평구,은평구,6.22,6.48,7.1,5.07
2011,서대문구,서대문구,5.64,5.7,5.97,5.26
2011,마포구,마포구,6.26,6.47,6.98,5.34
2011,양천구,양천구,6.25,6.23,6.6,5.91
2011,강서구,강서구,5.63,5.59,6.42,4.88
2011,구로구,구로구,6.5,6.51,6.96,6.03
2011,금천구,금천구,6.45,6.7,6.95,5.69
2011,영등포구,영등포구,6.52,6.52,7.14,5.9
2011,동작구,동작구,6.22,6.05,6.68,5.92
2011,관악구,관악구,6.36,6.42,6.75,5.91
2011,서초구,서초구,6.59,6.73,7.17,5.86
2011,강남구,강남구,6.6,6.68,7.16,5.95
2011,송파구,송파구,6.32,6.58,6.61,5.78
2011,강동구,강동구,6.31,6.27,6.93,5.71
2012,서울시,서울시,6.31,6.58,6.81,5.54
2012,성별,남자,6.32,6.56,6.83,5.56
2012,성별,여자,6.31,6.59,6.8,5.52
2012,연령별,10대,6.16,6.5,6.62,5.27
2012,연령별,20대,6.3,6.62,6.89,5.38
2012,연령별,30대,6.32,6.55,6.81,5.6
2012,연령별,40대,6.27,6.52,6.8,5.49
2012,연령별,50대,6.36,6.61,6.84,5.63
2012,연령별,60대 이상,6.37,6.63,6.8,5.66
2012,학력별,중졸 이하,6.22,6.51,6.67,5.43
2012,학력별,고졸 이하,6.37,6.66,6.9,5.55
2012,학력별,대졸 이하,6.31,6.55,6.82,5.57
2012,학력별,대학원 이상,6.09,6.17,6.58,5.52
2012,소득별,100 만원 미만,6.4,6.65,6.66,5.76
2012,소득별,100-200만 미만,6.4,6.75,6.9,5.54
2012,소득별,200-300만 미만,6.38,6.67,6.88,5.56
2012,소득별,300-400만 미만,6.26,6.55,6.75,5.48
2012,소득별,400-500만 미만,6.35,6.58,6.85,5.62
2012,소득별,500만 이상,6.25,6.49,6.78,5.49
2012,혼인상태별,기혼,6.33,6.57,6.84,5.59
2012,혼인상태별,미혼,6.28,6.61,6.8,5.43
2012,혼인상태별,이혼/별거,6.32,6.68,6.8,5.46
2012,혼인상태별,사별,6.23,6.43,6.59,5.62
2012,지역대분류,도심권,6.36,6.85,7.01,5.21
2012,지역대분류,동북권,6.11,6.34,6.67,5.33
2012,지역대분류,서북권,6.2,6.29,6.79,5.53
2012,지역대분류,서남권,6.53,6.85,6.96,5.73
2012,지역대분류,동남권,6.37,6.65,6.77,5.68
2012,종로구,종로구,6.52,6.99,7.19,5.39
2012,중구,중구,6.7,7.11,7.08,5.92
2012,용산구,용산구,6.06,6.61,6.85,4.68
2012,성동구,성동구,5.64,5.96,7,4.2
2012,광진구,광진구,5.87,6.62,6.61,4.33
2012,동대문구,동대문구,5.86,5.89,6.23,5.44
2012,중랑구,중랑구,5.8,6.19,6.42,4.76
2012,성북구,성북구,6.29,6.31,6.82,5.73
2012,강북구,강북구,6.9,7.32,7.22,6.12
2012,도봉구,도봉구,6.58,7.06,7.13,5.58
2012,노원구,노원구,5.98,5.75,6.31,5.87
2012,은평구,은평구,6.09,6.01,6.66,5.61
2012,서대문구,서대문구,6.4,6.75,7.2,5.28
2012,마포구,마포구,6.17,6.28,6.62,5.63
2012,양천구,양천구,6.34,6.65,6.53,5.85
2012,강서구,강서구,6.45,6.74,6.78,5.8
2012,구로구,구로구,6.67,7.03,7.19,5.65
2012,금천구,금천구,6.64,7.07,7.18,5.63
2012,영등포구,영등포구,6.55,6.95,7.14,5.49
2012,동작구,동작구,6.78,7.12,7.36,5.79
2012,관악구,관악구,6.42,6.63,6.84,5.79
2012,서초구,서초구,6.21,6.58,6.63,5.4
2012,강남구,강남구,6.41,6.51,6.38,6.33
2012,송파구,송파구,6.68,6.96,7.24,5.83
2012,강동구,강동구,6.03,6.42,6.71,4.94
2013,서울시,서울시,6.4,6.67,7.03,5.5
2013,성별,남자,6.4,6.63,7.03,5.53
2013,성별,여자,6.41,6.72,7.02,5.48
2013,연령별,10대,6.33,6.64,6.98,5.37
2013,연령별,20대,6.4,6.77,7.13,5.29
2013,연령별,30대,6.37,6.59,7,5.54
2013,연령별,40대,6.36,6.65,7.03,5.4
2013,연령별,50대,6.46,6.74,7.09,5.55
2013,연령별,60대 이상,6.44,6.66,6.94,5.71
2013,학력별,중졸 이하,6.42,6.68,6.86,5.71
2013,학력별,고졸 이하,6.46,6.76,7.11,5.52
2013,학력별,대졸 이하,6.35,6.61,7.03,5.42
2013,학력별,대학원 이상,6.2,6.29,6.82,5.5
2013,소득별,100 만원 미만,6.37,6.72,7.01,5.36
2013,소득별,100-200만 미만,6.53,6.88,7.02,5.68
2013,소득별,200-300만 미만,6.46,6.76,7,5.62
2013,소득별,300-400만 미만,6.42,6.61,7.05,5.6
2013,소득별,400-500만 미만,6.4,6.65,7.05,5.49
2013,소득별,500만 이상,6.32,6.63,7.01,5.32
2013,혼인상태별,기혼,6.39,6.64,7.03,5.49
2013,혼인상태별,미혼,6.43,6.73,7.09,5.45
2013,혼인상태별,이혼/별거,6.56,6.91,7.06,5.69
2013,혼인상태별,사별,6.36,6.58,6.75,5.73
2013,지역대분류,도심권,5.86,6.05,6.3,5.23
2013,지역대분류,동북권,6.5,6.78,7.08,5.65
2013,지역대분류,서북권,6.49,6.63,7.23,5.62
2013,지역대분류,서남권,6.4,6.75,7.1,5.34
2013,지역대분류,동남권,6.32,6.57,6.9,5.5
2013,종로구,종로구,5.32,5.48,5.67,4.81
2013,중구,중구,6.66,6.99,7.31,5.68
2013,용산구,용산구,5.8,5.93,6.19,5.27
2013,성동구,성동구,6.22,6.71,6.62,5.3
2013,광진구,광진구,6.42,6.76,6.99,5.52
2013,동대문구,동대문구,6.53,6.77,7.59,5.22
2013,중랑구,중랑구,5.69,5.97,5.92,5.19
2013,성북구,성북구,6.95,7.48,7.57,5.79
2013,강북구,강북구,6.79,7.41,7.26,5.67
2013,도봉구,도봉구,6.38,6.63,7.04,5.48
2013,노원구,노원구,6.83,6.6,7.42,6.48
2013,은평구,은평구,6.87,7.2,7.62,5.8
2013,서대문구,서대문구,6.14,6.05,6.69,5.7
2013,마포구,마포구,6.27,6.36,7.15,5.31
2013,양천구,양천구,6.24,6.54,6.7,5.49
2013,강서구,강서구,6.36,6.7,6.86,5.54
2013,구로구,구로구,6.38,6.75,7.45,4.9
2013,금천구,금천구,6,6.44,6.75,4.83
2013,영등포구,영등포구,6.17,6.54,7.03,4.95
2013,동작구,동작구,6.49,6.89,7.26,5.32
2013,관악구,관악구,6.88,7.2,7.57,5.87
2013,서초구,서초구,6.31,6.54,6.78,5.59
2013,강남구,강남구,6.29,6.6,6.88,5.39
2013,송파구,송파구,6.43,6.67,7.05,5.6
2013,강동구,강동구,6.22,6.42,6.82,5.42
2014,서울시,서울시,6.47,6.78,6.95,5.7
2014,성별,남자,6.46,6.74,6.96,5.7
2014,성별,여자,6.48,6.81,6.93,5.7
2014,연령별,10대,6.4,6.79,6.9,5.54
2014,연령별,20대,6.45,6.74,6.96,5.66
2014,연령별,30대,6.46,6.75,6.93,5.68
2014,연령별,40대,6.4,6.71,6.87,5.63
2014,연령별,50대,6.52,6.81,7.01,5.74
2014,연령별,60대 이상,6.54,6.85,6.98,5.82
2014,학력별,중졸 이하,6.5,6.88,6.92,5.78
2014,학력별,고졸 이하,6.49,6.83,6.94,5.69
2014,학력별,대졸 이하,6.45,6.71,6.95,5.68
2014,학력별,대학원 이상,6.51,6.92,7.04,5.58
2014,소득별,100 만원 미만,6.52,6.97,6.98,5.71
2014,소득별,100-200만 미만,6.48,6.78,7.01,5.67
2014,소득별,200-300만 미만,6.49,6.86,7.04,5.57
2014,소득별,300-400만 미만,6.45,6.69,6.88,5.76
2014,소득별,400-500만 미만,6.51,6.75,6.92,5.87
2014,소득별,500만 이상,6.44,6.81,6.95,5.58
2014,혼인상태별,기혼,6.48,6.77,6.94,5.72
2014,혼인상태별,미혼,6.47,6.78,6.99,5.64
2014,혼인상태별,이혼/별거,6.5,6.87,7.04,5.61
2014,혼인상태별,사별,6.41,6.78,6.81,5.7
2014,지역대분류,도심권,6.55,6.92,7.13,5.61
2014,지역대분류,동북권,6.48,6.82,6.99,5.65
2014,지역대분류,서북권,6.21,6.41,6.58,5.61
2014,지역대분류,서남권,6.4,6.68,6.88,5.65
2014,지역대분류,동남권,6.69,7.04,7.15,5.91
2014,종로구,종로구,6.68,6.98,7.46,5.61
2014,중구,중구,6.63,7.12,6.84,5.92
2014,용산구,용산구,6.42,6.78,7.07,5.45
2014,성동구,성동구,6.22,6.63,6.63,5.39
2014,광진구,광진구,6.51,6.8,7.24,5.52
2014,동대문구,동대문구,6.45,6.88,7.19,5.31
2014,중랑구,중랑구,6.45,6.91,6.71,5.7
2014,성북구,성북구,6.64,6.99,7.08,5.86
2014,강북구,강북구,6.75,7.19,7.24,5.84
2014,도봉구,도봉구,6.22,6.22,6.76,5.67
2014,노원구,노원구,6.54,6.83,7.03,5.79
2014,은평구,은평구,6.38,6.57,6.73,5.84
2014,서대문구,서대문구,6.16,6.18,6.46,5.74
2014,마포구,마포구,6.02,6.38,6.47,5.21
2014,양천구,양천구,6.77,7.16,6.56,6.61
2014,강서구,강서구,5.96,6.33,6.56,5.06
2014,구로구,구로구,6.14,6.33,6.62,5.47
2014,금천구,금천구,6.42,6.85,7.14,5.21
2014,영등포구,영등포구,6.76,6.96,7.27,6.11
2014,동작구,동작구,6.56,6.47,7.05,6.12
2014,관악구,관악구,6.36,6.84,7.16,5.04
2014,서초구,서초구,6.53,7.05,7,5.54
2014,강남구,강남구,6.98,7.34,7.3,6.38
2014,송파구,송파구,6.35,6.68,7.01,5.37
2014,강동구,강동구,7,7.18,7.32,6.51
2015,서울시,서울시,6.59,6.88,7.01,5.88
2015,성별,남자,6.61,6.89,7.04,5.89
2015,성별,여자,6.58,6.88,6.99,5.87
2015,연령별,10대,6.59,6.91,6.95,5.89
2015,연령별,20대,6.54,6.8,6.98,5.85
2015,연령별,30대,6.61,6.93,7.02,5.87
2015,연령별,40대,6.59,6.93,7,5.85
2015,연령별,50대,6.59,6.88,6.99,5.89
2015,연령별,60대 이상,6.63,6.85,7.08,5.93
2015,학력별,중졸 이하,6.58,6.87,6.95,5.91
2015,학력별,고졸 이하,6.61,6.93,7.04,5.84
2015,학력별,대졸 이하,6.58,6.85,7.01,5.89
2015,학력별,대학원 이상,6.75,6.92,7.13,6.27
2015,소득별,100 만원 미만,…,…,…,…
2015,소득별,100-200만 미만,…,…,…,…
2015,소득별,200-300만 미만,…,…,…,…
2015,소득별,300-400만 미만,…,…,…,…
2015,소득별,400-500만 미만,…,…,…,…
2015,소득별,500만 이상,…,…,…,…
2015,혼인상태별,기혼,…,…,…,…
2015,혼인상태별,미혼,…,…,…,…
2015,혼인상태별,이혼/별거,…,…,…,…
2015,혼인상태별,사별,…,…,…,…
2015,지역대분류,도심권,6.55,6.87,7.07,5.69
2015,지역대분류,동북권,6.57,6.87,7,5.82
2015,지역대분류,서북권,6.34,6.43,6.74,5.84
2015,지역대분류,서남권,6.6,6.89,7.07,5.84
2015,지역대분류,동남권,6.78,7.14,7.09,6.11
2015,종로구,종로구,6.68,7.1,7.11,5.82
2015,중구,중구,6.55,6.88,6.91,5.86
2015,용산구,용산구,6.46,6.72,7.13,5.51
2015,성동구,성동구,6.24,7.09,6.82,4.85
2015,광진구,광진구,6.61,7.04,7.09,5.67
2015,동대문구,동대문구,6.45,6.76,7.08,5.53
2015,중랑구,중랑구,6.38,6.66,6.77,5.7
2015,성북구,성북구,6.92,7.11,7.34,6.29
2015,강북구,강북구,6.75,7.04,7.14,6.08
2015,도봉구,도봉구,6.21,6.2,6.51,5.91
2015,노원구,노원구,6.74,7.02,7.11,6.09
2015,은평구,은평구,6.71,6.69,7.14,6.29
2015,서대문구,서대문구,6.07,6.1,6.36,5.75
2015,마포구,마포구,6.08,6.36,6.54,5.33
2015,양천구,양천구,6.86,7.24,6.87,6.45
2015,강서구,강서구,6.3,6.51,6.86,5.53
2015,구로구,구로구,6.88,7.16,7.57,5.91
2015,금천구,금천구,6.81,6.98,7.41,6.01
2015,영등포구,영등포구,6.66,7.02,7.16,5.8
2015,동작구,동작구,6.5,6.85,7.01,5.64
2015,관악구,관악구,6.43,6.66,6.94,5.68
2015,서초구,서초구,6.7,7.01,6.96,6.13
2015,강남구,강남구,6.83,7.12,7.28,6.08
2015,송파구,송파구,6.83,7.27,7.02,6.17
2015,강동구,강동구,6.72,7.11,7.04,6.03
2016,서울시,서울시,6.39,6.86,6.71,5.6
2016,성별,남자,6.37,6.83,6.64,5.62
2016,성별,여자,6.42,6.88,6.77,5.58
2016,연령별,10대,6.57,7.05,6.74,5.76
2016,연령별,20대,6.29,6.63,6.63,5.58
2016,연령별,30대,6.47,7.02,6.83,5.54
2016,연령별,40대,6.28,6.77,6.6,5.52
2016,연령별,50대,6.38,6.77,6.73,5.63
2016,연령별,60대 이상,6.46,6.97,6.71,5.67
2016,학력별,중졸 이하,6.47,7.09,6.57,5.68
2016,학력별,고졸 이하,6.47,6.92,6.8,5.65
2016,학력별,대졸 이하,6.34,6.79,6.67,5.56
2016,학력별,대학원 이상,6.39,6.8,6.86,5.51
2016,소득별,100 만원 미만,6.5,7.15,6.79,5.57
2016,소득별,100-200만 미만,6.21,6.78,6.59,5.2
2016,소득별,200-300만 미만,6.58,7.2,6.82,5.7
2016,소득별,300-400만 미만,6.55,7.09,6.83,5.68
2016,소득별,400-500만 미만,6.38,6.83,6.6,5.71
2016,소득별,500만 이상,6.28,6.62,6.69,5.54
2016,혼인상태별,기혼,6.34,6.83,6.66,5.55
2016,혼인상태별,미혼,6.4,6.84,6.72,5.6
2016,혼인상태별,이혼/별거,6.54,6.84,6.88,5.86
2016,혼인상태별,사별,6.68,7.17,6.93,5.9
2016,지역대분류,도심권,6.36,6.7,6.83,5.53
2016,지역대분류,동북권,6.44,6.85,6.77,5.66
2016,지역대분류,서북권,6.38,6.94,6.83,5.33
2016,지역대분류,서남권,6.41,6.88,6.68,5.67
2016,지역대분류,동남권,6.31,6.82,6.53,5.58
2016,종로구,종로구,6.49,6.77,7.05,5.65
2016,중구,중구,6.47,7,6.81,5.57
2016,용산구,용산구,6.2,6.46,6.7,5.42
2016,성동구,성동구,6.44,6.95,6.55,5.74
2016,광진구,광진구,6.49,6.98,7.1,5.3
2016,동대문구,동대문구,6.59,7.15,6.99,5.56
2016,중랑구,중랑구,6.36,6.66,6.73,5.67
2016,성북구,성북구,6.32,6.76,6.56,5.62
2016,강북구,강북구,6.18,6.62,6.42,5.48
2016,도봉구,도봉구,6.61,6.94,6.97,5.92
2016,노원구,노원구,6.52,6.81,6.83,5.89
2016,은평구,은평구,6.36,6.94,6.83,5.27
2016,서대문구,서대문구,6.52,7.03,6.99,5.51
2016,마포구,마포구,6.28,6.87,6.7,5.27
2016,양천구,양천구,6.24,6.85,6.26,5.61
2016,강서구,강서구,6.62,7.05,7.26,5.54
2016,구로구,구로구,6.47,7.05,6.72,5.62
2016,금천구,금천구,6.59,7.1,6.86,5.77
2016,영등포구,영등포구,6.38,6.86,6.87,5.4
2016,동작구,동작구,6.31,6.73,6.5,5.71
2016,관악구,관악구,6.31,6.6,6.27,6.03
2016,서초구,서초구,6.35,6.96,6.56,5.53
2016,강남구,강남구,6.45,6.95,6.68,5.71
2016,송파구,송파구,6.2,6.62,6.37,5.61
2016,강동구,강동구,6.27,6.81,6.56,5.43
2005,서울시,서울시,5.52,5.61,6.26,4.7
2005,성별,남자,5.5,5.58,6.26,4.66
2005,성별,여자,5.54,5.64,6.27,4.73
2005,연령별,10대,5.64,5.68,6.37,4.88
2005,연령별,20대,5.5,5.6,6.25,4.64
2005,연령별,30대,5.31,5.39,6.08,4.45
2005,연령별,40대,5.54,5.66,6.24,4.72
2005,연령별,50대,5.7,5.84,6.48,4.78
2005,연령별,60대 이상,5.66,5.64,6.35,4.98
2005,학력별,중졸 이하,5.59,5.65,6.22,4.88
2005,학력별,고졸 이하,5.59,5.65,6.33,4.78
2005,학력별,전문대 이하,5.4,5.51,6.1,4.59
2005,학력별,4년제 이하,5.47,5.6,6.28,4.54
2005,학력별,대학원 이상,5.32,5.38,6.26,4.32
2005,소득별,100 만원 미만,5.48,5.6,6.12,4.71
2005,소득별,100-200만 미만,5.51,5.55,6.24,4.73
2005,소득별,200-300만 미만,5.49,5.58,6.22,4.68
2005,소득별,300-400만 미만,5.58,5.69,6.3,4.76
2005,소득별,400-500만 미만,5.59,5.66,6.44,4.68
2005,소득별,500만 이상,5.51,5.61,6.33,4.58
2005,혼인상태별,기혼,5.52,5.59,6.28,4.7
2005,혼인상태별,미혼,5.53,5.65,6.27,4.67
2005,혼인상태별,이혼/별거,5.47,5.57,6.23,4.62
2005,혼인상태별,사별,5.51,5.57,6.09,4.89
2005,지역대분류,도심권,5.93,6.08,6.67,5.03
2005,지역대분류,동북권,5.51,5.68,6.27,4.58
2005,지역대분류,서북권,5.57,5.64,6.42,4.65
2005,지역대분류,서남권,5.4,5.46,6.04,4.7
2005,지역대분류,동남권,5.6,5.57,6.39,4.82
2005,종로구,종로구,6.23,6.61,7.1,4.97
2005,중구,중구,5.7,5.93,5.97,5.18
2005,용산구,용산구,5.84,5.78,6.74,4.99
2005,성동구,성동구,5.09,5.07,6.12,4.07
2005,광진구,광진구,5.76,6.13,6.33,4.82
2005,동대문구,동대문구,5.81,5.99,6.11,5.32
2005,중랑구,중랑구,5.08,4.93,5.95,4.37
2005,성북구,성북구,5.8,6.31,6.7,4.38
2005,강북구,강북구,5.45,5.82,6.13,4.39
2005,도봉구,도봉구,5.21,5.5,5.91,4.2
2005,노원구,노원구,5.71,5.59,6.64,4.9
2005,은평구,은평구,5.5,5.45,6.18,4.88
2005,서대문구,서대문구,5.7,6.11,6.63,4.37
2005,마포구,마포구,5.53,5.46,6.52,4.62
2005,양천구,양천구,5.34,5.29,6.03,4.69
2005,강서구,강서구,5.38,5.44,6.24,4.47
2005,구로구,구로구,5.6,5.67,6.3,4.81
2005,금천구,금천구,5.22,5.53,5.66,4.47
2005,영등포구,영등포구,5.44,5.42,6.26,4.65
2005,동작구,동작구,5.6,5.62,6.25,4.94
2005,관악구,관악구,5.24,5.37,5.49,4.84
2005,서초구,서초구,5.37,5.5,6.14,4.47
2005,강남구,강남구,5.84,5.75,6.57,5.22
2005,송파구,송파구,5.51,5.62,6.26,4.64
2005,강동구,강동구,5.61,5.38,6.58,4.87
2006,서울시,서울시,5.6,5.66,6.3,4.83
2006,성별,남자,5.58,5.64,6.31,4.81
2006,성별,여자,5.61,5.69,6.3,4.86
2006,연령별,10대,5.66,5.66,6.34,4.98
2006,연령별,20대,5.56,5.65,6.26,4.77
2006,연령별,30대,5.38,5.42,6.1,4.62
2006,연령별,40대,5.64,5.71,6.32,4.88
2006,연령별,50대,5.78,5.93,6.49,4.91
2006,연령별,60대 이상,5.75,5.74,6.45,5.05
2006,학력별,중졸 이하,5.72,5.79,6.38,5
2006,학력별,고졸 이하,5.66,5.73,6.35,4.91
2006,학력별,전문대 이하,5.46,5.52,6.17,4.68
2006,학력별,4년제 이하,5.55,5.61,6.28,4.74
2006,학력별,대학원 이상,5.31,5.34,6.07,4.52
2006,소득별,100 만원 미만,5.61,5.71,6.41,4.71
2006,소득별,100-200만 미만,5.6,5.67,6.3,4.82
2006,소득별,200-300만 미만,5.57,5.63,6.25,4.82
2006,소득별,300-400만 미만,5.66,5.73,6.33,4.91
2006,소득별,400-500만 미만,5.66,5.74,6.34,4.9
2006,소득별,500만 이상,5.52,5.53,6.27,4.76
2006,혼인상태별,기혼,5.6,5.65,6.32,4.84
2006,혼인상태별,미혼,5.58,5.67,6.27,4.81
2006,혼인상태별,이혼/별거,5.65,5.76,6.39,4.8
2006,혼인상태별,사별,5.63,5.72,6.25,4.94
2006,지역대분류,도심권,5.81,5.96,6.32,5.16
2006,지역대분류,동북권,5.54,5.69,6.29,4.64
2006,지역대분류,서북권,5.44,5.56,6.37,4.41
2006,지역대분류,서남권,5.59,5.72,6.19,4.86
2006,지역대분류,동남권,5.74,5.52,6.45,5.27
2006,종로구,종로구,5.79,6.08,6.32,4.95
2006,중구,중구,5.87,5.96,6.83,4.82
2006,용산구,용산구,5.79,5.86,6.02,5.5
2006,성동구,성동구,4.99,4.91,5.96,4.09
2006,광진구,광진구,5.36,5.33,6.07,4.68
2006,동대문구,동대문구,6.18,6.06,6.62,5.86
2006,중랑구,중랑구,5.5,5.49,6.37,4.65
2006,성북구,성북구,5.43,5.76,6.23,4.31
2006,강북구,강북구,5.33,5.79,5.9,4.32
2006,도봉구,도봉구,5.34,5.73,5.91,4.39
2006,노원구,노원구,5.91,6.13,6.85,4.74
2006,은평구,은평구,5.62,5.74,6.67,4.45
2006,서대문구,서대문구,5.3,5.52,6.01,4.39
2006,마포구,마포구,5.36,5.38,6.33,4.38
2006,양천구,양천구,5.73,5.97,6,5.22
2006,강서구,강서구,5.33,5.34,6.23,4.42
2006,구로구,구로구,5.58,5.69,6.04,5
2006,금천구,금천구,5.3,5.64,5.86,4.38
2006,영등포구,영등포구,6.15,6.14,6.9,5.42
2006,동작구,동작구,5.42,5.55,6.11,4.6
2006,관악구,관악구,5.6,5.79,6.14,4.87
2006,서초구,서초구,5.17,5.22,5.95,4.34
2006,강남구,강남구,5.65,5.52,6.35,5.08
2006,송파구,송파구,5.81,5.55,6.54,5.33
2006,강동구,강동구,6.29,5.74,6.9,6.23
2007,서울시,서울시,5.75,6,6.33,4.92
2007,성별,남자,5.79,6.04,6.39,4.93
2007,성별,여자,5.71,5.95,6.27,4.91
2007,연령별,10대,5.74,5.93,6.36,4.94
2007,연령별,20대,5.73,5.98,6.3,4.92
2007,연령별,30대,5.58,5.84,6.18,4.74
2007,연령별,40대,5.76,6.04,6.32,4.92
2007,연령별,50대,5.9,6.2,6.49,5.02
2007,연령별,60대 이상,5.85,6.04,6.44,5.09
2007,학력별,중졸 이하,5.75,5.97,6.28,4.99
2007,학력별,고졸 이하,5.79,6.04,6.37,4.96
2007,학력별,전문대 이하,5.65,5.94,6.25,4.76
2007,학력별,4년제 이하,5.78,6.03,6.37,4.95
2007,학력별,대학원 이상,5.59,5.77,6.29,4.71
2007,소득별,100 만원 미만,5.74,5.89,6.31,5.01
2007,소득별,100-200만 미만,5.69,5.87,6.28,4.92
2007,소득별,200-300만 미만,5.71,5.98,6.27,4.87
2007,소득별,300-400만 미만,5.76,5.99,6.35,4.93
2007,소득별,400-500만 미만,5.79,6.05,6.39,4.94
2007,소득별,500만 이상,5.75,5.99,6.35,4.93
2007,혼인상태별,기혼,5.75,6.01,6.35,4.9
2007,혼인상태별,미혼,5.75,6,6.35,4.92
2007,혼인상태별,이혼/별거,5.7,5.92,6.18,5.01
2007,혼인상태별,사별,5.72,5.94,6.13,5.09
2007,지역대분류,도심권,5.67,5.96,6.31,4.74
2007,지역대분류,동북권,5.72,6.06,6.33,4.76
2007,지역대분류,서북권,5.74,6.06,6.4,4.75
2007,지역대분류,서남권,5.79,5.96,6.25,5.16
2007,지역대분류,동남권,5.76,5.92,6.41,4.96
2007,종로구,종로구,5.96,6.35,6.27,5.26
2007,중구,중구,5.97,6.23,6.78,4.89
2007,용산구,용산구,5.3,5.54,6.07,4.29
2007,성동구,성동구,5.52,5.43,6.65,4.47
2007,광진구,광진구,5.72,5.81,6.63,4.72
2007,동대문구,동대문구,6.17,6.26,6.53,5.72
2007,중랑구,중랑구,5.85,6.22,6.39,4.92
2007,성북구,성북구,5.47,6.12,6.17,4.12
2007,강북구,강북구,6.49,7.47,6.76,5.24
2007,도봉구,도봉구,5.45,5.92,6.09,4.34
2007,노원구,노원구,5.36,5.55,5.8,4.73
2007,은평구,은평구,5.77,6.24,6.54,4.54
2007,서대문구,서대문구,5.49,5.66,6.1,4.71
2007,마포구,마포구,5.92,6.22,6.51,5.04
2007,양천구,양천구,6.11,6.21,6.15,5.97
2007,강서구,강서구,5.95,5.95,6.65,5.25
2007,구로구,구로구,5.88,6.04,6.56,5.03
2007,금천구,금천구,5.58,5.83,5.81,5.09
2007,영등포구,영등포구,5.74,5.81,6.51,4.9
2007,동작구,동작구,5.46,5.71,5.97,4.69
2007,관악구,관악구,5.67,6.07,5.94,5.02
2007,서초구,서초구,5.8,5.99,6.42,4.99
2007,강남구,강남구,5.59,5.85,6.04,4.87
2007,송파구,송파구,5.74,5.89,6.49,4.84
2007,강동구,강동구,5.96,5.96,6.73,5.18
2008,서울시,서울시,5.83,6,6.3,5.14
2008,성별,남자,5.82,5.99,6.28,5.15
2008,성별,여자,5.84,6.02,6.31,5.14
2008,연령별,10대,5.91,6.05,6.29,5.31
2008,연령별,20대,5.85,6.02,6.34,5.16
2008,연령별,30대,5.68,5.87,6.18,4.99
2008,연령별,40대,5.76,5.95,6.24,5.07
2008,연령별,50대,5.89,6.1,6.35,5.15
2008,연령별,60대 이상,6.01,6.13,6.42,5.36
2008,학력별,중졸 이하,5.94,6.09,6.29,5.32
2008,학력별,고졸 이하,5.86,6.06,6.34,5.13
2008,학력별,전문대 이하,5.66,5.83,6.18,4.96
2008,학력별,4년제 이하,5.85,6,6.32,5.2
2008,학력별,대학원 이상,5.62,5.75,6.21,4.89
2008,소득별,100 만원 미만,5.91,6.07,6.36,5.12
2008,소득별,100-200만 미만,5.85,6.08,6.26,5.13
2008,소득별,200-300만 미만,5.78,5.99,6.23,5.1
2008,소득별,300-400만 미만,5.87,6.04,6.35,5.2
2008,소득별,400-500만 미만,5.83,5.97,6.35,5.15
2008,소득별,500만 이상,5.8,5.94,6.27,5.15
2008,혼인상태별,기혼,5.83,6,6.31,5.15
2008,혼인상태별,미혼,5.83,6,6.3,5.15
2008,혼인상태별,이혼/별거,5.76,6,6.26,4.93
2008,혼인상태별,사별,5.87,6.06,6.18,5.22
2008,지역대분류,도심권,5.66,5.7,6.07,5.2
2008,지역대분류,동북권,5.76,5.94,6.27,5.01
2008,지역대분류,서북권,5.88,6.22,6.65,4.68
2008,지역대분류,서남권,5.83,5.97,6.16,5.33
2008,지역대분류,동남권,5.95,6.13,6.4,5.33
2008,종로구,종로구,5.63,5.59,6.39,4.89
2008,중구,중구,5.26,5.31,5.79,4.64
2008,용산구,용산구,5.9,5.98,6,5.72
2008,성동구,성동구,4.98,5.06,5.65,4.21
2008,광진구,광진구,5.69,5.79,6.38,4.75
2008,동대문구,동대문구,5.35,5.61,5.75,4.6
2008,중랑구,중랑구,5.71,5.87,6.19,4.93
2008,성북구,성북구,6.31,6.45,6.75,5.65
2008,강북구,강북구,6.33,6.66,6.88,5.45
2008,도봉구,도봉구,5.58,5.85,6.03,4.83
2008,노원구,노원구,5.89,5.98,6.32,5.29
2008,은평구,은평구,6,6.5,6.71,4.69
2008,서대문구,서대문구,6.19,6.41,7.04,4.94
2008,마포구,마포구,5.47,5.73,6.23,4.46
2008,양천구,양천구,5.75,5.65,5.77,5.88
2008,강서구,강서구,5.63,5.6,5.87,5.38
2008,구로구,구로구,5.98,6.18,6.44,5.33
2008,금천구,금천구,5.72,6.08,6.15,4.83
2008,영등포구,영등포구,5.93,5.98,6.42,5.33
2008,동작구,동작구,6.17,6.61,6.67,5.19
2008,관악구,관악구,5.7,5.94,6.04,5.08
2008,서초구,서초구,5.84,5.88,6.4,5.23
2008,강남구,강남구,5.93,6.21,6.38,5.17
2008,송파구,송파구,6.18,6.42,6.61,5.53
2008,강동구,강동구,5.77,5.85,6.16,5.32
2009,서울시,서울시,6,6.19,6.52,5.27
2009,성별,남자,6,6.18,6.53,5.26
2009,성별,여자,6.01,6.19,6.52,5.27
2009,연령별,10대,5.95,6.12,6.36,5.34
2009,연령별,20대,5.95,6.14,6.48,5.23
2009,연령별,30대,5.96,6.14,6.57,5.18
2009,연령별,40대,6.04,6.25,6.55,5.31
2009,연령별,50대,6.07,6.28,6.6,5.3
2009,연령별,60대 이상,6.04,6.18,6.48,5.32
2009,학력별,중졸 이하,6.01,6.19,6.39,5.33
2009,학력별,고졸 이하,6.04,6.24,6.58,5.29
2009,학력별,전문대 이하,5.93,6.12,6.46,5.19
2009,학력별,4년제 이하,6.03,6.21,6.59,5.29
2009,학력별,대학원 이상,5.55,5.64,6.29,4.72
2009,소득별,100 만원 미만,6.14,6.18,6.57,5.38
2009,소득별,100-200만 미만,5.92,6.04,6.45,5.18
2009,소득별,200-300만 미만,6.01,6.19,6.57,5.23
2009,소득별,300-400만 미만,6.1,6.28,6.6,5.41
2009,소득별,400-500만 미만,5.97,6.21,6.46,5.24
2009,소득별,500만 이상,5.93,6.16,6.45,5.19
2009,혼인상태별,기혼,6.04,6.23,6.58,5.3
2009,혼인상태별,미혼,5.94,6.12,6.45,5.23
2009,혼인상태별,이혼/별거,6.01,6.15,6.54,5.24
2009,혼인상태별,사별,5.92,6.12,6.32,5.19
2009,지역대분류,도심권,5.97,6.13,6.53,5.22
2009,지역대분류,동북권,5.86,6.07,6.38,5.09
2009,지역대분류,서북권,6.13,6.4,6.79,5.13
2009,지역대분류,서남권,6.04,6.16,6.54,5.38
2009,지역대분류,동남권,6.11,6.3,6.56,5.47
2009,종로구,종로구,6.09,6.14,6.59,5.55
2009,중구,중구,5.73,6.26,6.04,4.89
2009,용산구,용산구,6.01,6.07,6.76,5.16
2009,성동구,성동구,5.94,6.12,6.69,5
2009,광진구,광진구,6.16,6.39,6.77,5.19
2009,동대문구,동대문구,5.31,5.4,5.82,4.76
2009,중랑구,중랑구,6.01,6.24,6.23,5.54
2009,성북구,성북구,6.35,6.49,6.65,5.91
2009,강북구,강북구,6.15,6.42,6.55,5.31
2009,도봉구,도봉구,5.68,6.07,6.52,4.49
2009,노원구,노원구,5.44,5.57,6.02,4.52
2009,은평구,은평구,6.57,6.85,7.3,5.49
2009,서대문구,서대문구,5.68,6.12,6.3,4.59
2009,마포구,마포구,5.99,6.1,6.59,5.18
2009,양천구,양천구,6.23,6.39,6.63,5.69
2009,강서구,강서구,5.82,5.71,6.48,5.26
2009,구로구,구로구,6.11,6.26,6.61,5.5
2009,금천구,금천구,6.08,6.3,6.47,5.44
2009,영등포구,영등포구,6.29,6.38,6.75,5.65
2009,동작구,동작구,5.95,6.26,6.4,5.16
2009,관악구,관악구,5.88,6.07,6.48,5.04
2009,서초구,서초구,6.18,6.43,6.46,5.65
2009,강남구,강남구,6,6.22,6.52,5.23
2009,송파구,송파구,5.9,6.26,6.25,5.2
2009,강동구,강동구,6.47,6.35,7.12,5.96
2010,서울시,서울시,6.19,6.16,6.71,5.67
2010,성별,남자,6.22,6.19,6.76,5.68
2010,성별,여자,6.16,6.14,6.66,5.66
2010,연령별,10대,6.17,6.17,6.67,5.67
2010,연령별,20대,6.16,6.11,6.67,5.67
2010,연령별,30대,6.17,6.09,6.71,5.67
2010,연령별,40대,6.15,6.13,6.71,5.61
2010,연령별,50대,6.26,6.23,6.77,5.76
2010,연령별,60대 이상,6.24,6.26,6.71,5.66
2010,학력별,중졸 이하,6.19,6.19,6.66,5.64
2010,학력별,고졸 이하,6.17,6.12,6.68,5.67
2010,학력별,전문대 이하,6.13,6.08,6.68,5.62
2010,학력별,4년제 이하,6.29,6.27,6.8,5.75
2010,학력별,대학원 이상,6.07,6.05,6.69,5.37
2010,소득별,100 만원 미만,6.36,6.29,6.71,5.89
2010,소득별,100-200만 미만,6.16,6.23,6.65,5.52
2010,소득별,200-300만 미만,6.19,6.22,6.7,5.62
2010,소득별,300-400만 미만,6.19,6.1,6.71,5.75
2010,소득별,400-500만 미만,6.26,6.25,6.78,5.75
2010,소득별,500만 이상,6.14,6.09,6.71,5.61
2010,혼인상태별,기혼,6.21,6.19,6.75,5.67
2010,혼인상태별,미혼,6.16,6.13,6.69,5.65
2010,혼인상태별,이혼/별거,6.11,6.13,6.55,5.6
2010,혼인상태별,사별,6.15,6.03,6.51,5.8
2010,지역대분류,도심권,6.06,5.94,6.65,5.6
2010,지역대분류,동북권,6.03,5.96,6.48,5.58
2010,지역대분류,서북권,6.12,6.27,6.8,5.28
2010,지역대분류,서남권,6.35,6.28,6.83,5.88
2010,지역대분류,동남권,6.3,6.3,6.87,5.75
2010,종로구,종로구,5.77,5.55,6.35,5.41
2010,중구,중구,6.34,6.01,7.03,5.97
2010,용산구,용산구,6.15,6.18,6.68,5.57
2010,성동구,성동구,6.06,5.75,6.47,5.89
2010,광진구,광진구,5.77,5.66,6.48,5.12
2010,동대문구,동대문구,6.01,6.04,6.45,5.55
2010,중랑구,중랑구,5.98,5.59,6.13,6.25
2010,성북구,성북구,6.22,6.15,6.68,5.67
2010,강북구,강북구,6.27,6.52,6.82,5.39
2010,도봉구,도봉구,5.83,5.94,6.12,5.43
2010,노원구,노원구,6.06,6.05,6.64,5.33
2010,은평구,은평구,6.36,6.55,7.14,5.38
2010,서대문구,서대문구,6.06,6.2,6.72,5.2
2010,마포구,마포구,5.88,5.98,6.43,5.22
2010,양천구,양천구,6.11,5.88,6.39,6.07
2010,강서구,강서구,6.19,6.25,7.03,5.07
2010,구로구,구로구,6.59,6.4,7.18,6.18
2010,금천구,금천구,6.46,6.66,6.77,5.88
2010,영등포구,영등포구,6.53,6.35,7.21,6.04
2010,동작구,동작구,6.54,6.53,6.81,6.27
2010,관악구,관악구,6.19,6.17,6.54,5.8
2010,서초구,서초구,6.47,6.68,7.06,5.64
2010,강남구,강남구,6.29,6.2,6.63,6.04
2010,송파구,송파구,6.15,6.29,6.93,5.26
2010,강동구,강동구,6.4,6.09,6.89,6.21
